ID,Type,Name,External URL,Button text,
346,external,Jasper AI,https://jasper.ai/demo?fpr=postin,Visit product,
490,external,synthesia,https://www.synthesia.io/?via=postin,Visit SYNTHESIA,
547,external,Speak AI,https://speakai.co/?via=postin,Visit product,
562,external,Warmbox ai,https://warmbox.ai/?fpr=postin,Visit product,
576,external,Shakespeare AI,https://shakespeare.ai/lp/start-for-free/?fpr=lmaxe,Visit product,
580,external,Speedwrite,https://speedwrite.com/?via=postin,Visit product,
590,external,Browse AI,https://browse.ai/?via=postin,Visit Browse-ai,
605,external,AtOnce,https://atonce.com/?fpr=postin,Visit product,
610,external,Getgenie,https://getgenie.ai/?rui=719%20,Visit product,
615,external,Shopia,https://app.shopia.ai/sign-up?via=postin,Visit Shopia,
623,external,Smartlead-AI,https://smartlead.ai/?via=postin,Visit Smartlead-ai,
638,external,Ravynn,https://ravyn.app/?via=postin,Visit Ravyn-app,
640,external,Writesonic,https://writesonic.com?via=postin,Visit Writesonic,
650,external,Reply AI,https://get.reply.io/0byvuxuu62qi,Visit product,
659,external,Textcortex,https://textcortex.com/?via=postin,Visit Textcortex,
681,external,Neuroflash,https://neuroflash.firstpromoter.com/signup/16149?sref=hamatmg,Visit Neuroflash,
712,external,Fliki,https://fliki.ai/?via=postin,Visit Fliki,
714,external,Mentum AI,https://www.mentum.ai/?via=postin,Visit Mentum AI,
729,external,Headlime,https://headlime.com/?invite=mWtFcRkWjDfBJiTPegspostin,Visit Headlime,
731,external,Descript AI,https://clicks.descript.com/f/a/X4v58JD45ZozeogjKhdbag~~/AAQRxQA~/RgRmLkSqP0QmaHR0cHM6Ly93d3cuZGVzY3JpcHQuY29tLz9sbXJlZj1LSmFsbHdXA3NwY0IKZD-qv0tkBOyok1IZc20uYWZmaWxpYXRpb25zQGdtYWlsLmNvbVgEAAACMw~~,Visit Descript AI,
736,external,Storylab AI,http://storylab.ai/?aff=postin,Visit Storylab AI,
745,external,Ledger,https://shop.ledger.com/?r=cadf1162d1e7,Visit Ledger,
750,external,Crawlq AI,https://app.crawlq.ai/sign-up?_get=postin,Visit Crawlq AI,
764,external,Anyword AI,https://anyword.com/?fpr=postin,Visit Anyword ai,
771,external,GrouthBarseo AI,https://growthbarseo.com/postin?afmc=o4,Visit GrouthbarSEO,
782,external,Kafkai,https://kafkai.com/?via=postin,Visit Kafkai,
786,external,Paragrapha AI,https://paragraphai.com?ref=n2myntm,Visit Paragraph AI,
799,external,Logo ai,https://www.logoai.com/?coupon=smpost-in,Visit Logoai,
814,external,Aiartshop,https://aiartshop.com/?ref=crBAaKpMk08o6H,Visit Aiartshop,
816,external,Fiverr CPA,https://go.fiverr.com/visit/?bta=721525&brand=fiverrcpa,Visit Fiverr,
828,external,Fiverr HYBRID,https://go.fiverr.com/visit/?bta=721525&brand=fiverrhybrid,Visit Fiverr,
835,external,Fiverr Learn,https://go.fiverr.com/visit/?bta=721525&brand=fiverrlearn,Visit Fiverr,
837,external,Outranking,https://www.outranking.io/?via=postin,Visit Outranking,
844,external,Fiverr Entreprise,https://go.fiverr.com/visit/?,Visit Fiverr,
851,external,Fiverr affiliate Program,"https://go.fiverr.com/visit/?bta=721525&brand=fbIn%20today's%20digital%20age,%20the%20demand%20for%20specialized%20digital%20services%20has%20reached%20unprecedented%20heights.%20Fiverr%20has%20emerged%20as%20the%20ultimate%20online%20marketplace,%20bridging%20the%20gap%20between%20talented%20freelancers%20and%20prospective%20clients.%20With%20its%20user-friendly%20platform,%20extensive%20categories,%20and%20robust%20features,%20Fiverr%20has%20transformed%20the%20way%20freelancers%20and%20clients%20collaborate,%20offering%20limitless%20possibilities%20in%20the%20digital%20domain.%20%20Unleashing%20the%20Potential%20of%20Freelancers:%20%20Fiverr%20serves%20as%20a%20dynamic%20hub%20where%20freelancers%20can%20showcase%20their%20expertise%20and%20connect%20with%20potential%20clients.%20With%20an%20extensive%20range%20of%20categories%20including%20graphic%20design,%20writing%20and%20translation,%20digital%20marketing,%20programming,%20video%20editing,%20and%20music%20production,%20freelancers%20can%20effectively%20leverage%20their%20skills%20and%20offer%20services%20in%20a%20streamlined%20and%20professional%20manner.%20By%20creating%20detailed%20service%20listings%20known%20as%20gigs,%20freelancers%20can%20attract%20clients%20by%20outlining%20the%20scope%20of%20work,%20pricing,%20delivery%20time,%20and%20additional%20details.%20This%20not%20only%20provides%20a%20platform%20for%20freelancers%20to%20demonstrate%20their%20talents%20but%20also%20enables%20them%20to%20reach%20a%20global%20audience%20and%20establish%20a%20professional%20brand.%20%20Effortless%20Collaboration%20and%20Communication:%20%20One%20of%20Fiverr's%20standout%20features%20is%20its%20seamless%20collaboration%20and%20communication%20tools.%20Clients%20have%20the%20opportunity%20to%20explore%20freelancer%20profiles,%20which%20showcase%20skills,%20experience,%20portfolio%20samples,%20and%20ratings%20from%20previous%20clients.%20This%20helps%20clients%20make%20informed%20decisions%20when%20selecting%20the%20perfect%20freelancer%20for%20their%20project.%20Through%20Fiverr's%20platform,%20clients%20can%20directly%20communicate%20with%20freelancers,%20discussing%20project%20details,%20asking%20questions,%20and%20providing%20necessary%20guidelines.%20This%20streamlined%20communication%20ensures%20a%20clear%20understanding%20between%20both%20parties,%20fostering%20a%20collaborative%20and%20efficient%20work%20environment.%20%20Secure%20and%20Efficient%20Transactions:%20%20Fiverr%20places%20a%20high%20priority%20on%20the%20security%20and%20efficiency%20of%20transactions%20to%20provide%20a%20reliable%20platform%20for%20freelancers%20and%20clients.%20The%20platform%20incorporates%20a%20secure%20payment%20processing%20system,%20ensuring%20that%20financial%20transactions%20are%20conducted%20with%20peace%20of%20mind.%20Furthermore,%20Fiverr%20tracks%20orders,%20providing%20clients%20with%20real-time%20updates%20on%20the%20progress%20of%20their%20projects.%20This%20feature%20eliminates%20uncertainties,%20allowing%20clients%20to%20have%20full%20visibility%20into%20the%20workflow.%20Additionally,%20Fiverr's%20dispute%20resolution%20system%20ensures%20fair%20resolutions%20in%20case%20of%20any%20unforeseen%20conflicts,%20maintaining%20a%20fair%20and%20trustworthy%20environment%20for%20all%20users.%20%20Rating%20and%20Reviews:%20The%20Pillars%20of%20Transparency:%20%20Fiverr's%20rating%20and%20review%20system%20serve%20as%20the%20foundation%20of%20transparency%20within%20the%20marketplace.%20Clients%20can%20rate%20and%20provide%20reviews%20for%20freelancers%20based%20on%20their%20experience,%20enabling%20future%20clients%20to%20make%20informed%20decisions.%20This%20system%20promotes%20accountability%20and%20high-quality%20work,%20encouraging%20freelancers%20to%20consistently%20deliver%20exceptional%20results.%20Likewise,%20freelancers%20can%20receive%20feedback%20from%20clients,%20improving%20their%20skills%20and%20maintaining%20high%20levels%20of%20customer%20satisfaction.%20This%20two-way%20rating%20system%20cultivates%20a%20vibrant%20community%20of%20talented%20freelancers%20and%20satisfied%20clients,%20establishing%20Fiverr%20as%20a%20trusted%20platform.%20%20In%20the%20digital%20landscape%20where%20talent%20and%20opportunity%20intersect,%20Fiverr%20stands%20as%20the%20epitome%20of%20a%20comprehensive%20marketplace%20for%20freelancers%20and%20clients.%20With%20its%20diverse%20range%20of%20categories,%20user-friendly%20interface,%20robust%20collaboration%20tools,%20and%20secure%20transactions,%20Fiverr%20empowers%20freelancers%20to%20unleash%20their%20skills%20while%20enabling%20clients%20to%20access%20a%20diverse%20pool%20of%20talented%20professionals.%20Whether%20you're%20a%20freelancer%20looking%20to%20expand%20your%20reach%20or%20a%20client%20seeking%20top-quality%20digital%20services,%20Fiverr%20is%20the%20gateway%20to%20unlocking%20your%20digital%20potential.%20Embrace%20the%20power%20of%20Fiverr%20and%20embark%20on%20a%20journey%20where%20creativity,%20professionalism,%20and%20collaboration%20thrive%20in%20the%20digital%20realm.",Visit Fiverr,
863,external,Notion,https://affiliate.notion.so/s5s82pvprpwc,Visit Notion,
864,external,Simpleswap,https://simpleswap.io/?ref=1ee262e8bc1f,Visit Simpleswap,
899,external,Sku Fetch,https://app.skufetch.com/?ref=34600,Visit Sku Fetch,
914,external,Linkwhisper,https://linkwhisper.com/ref/2459/,Visit Linkwhisper,
920,external,Aweber,https://www.aweber.com/pro.htm?id=543051,Visit Aweber,
923,external,Aircall,https://aircall.grsm.io/1x3u2dvot7j3,Visit Aircall,
928,external,Rewardful,https://www.rewardful.com/?via=info,Visit Rewardful,
939,external,Corel AI,https://prf.hn/click/camref:1101lwjVI,Visit Corel,
948,external,Post Affiliate Pro,https://www.postaffiliatepro.com/#645a662887da8,Visit Post Affiliate Pro,
957,external,Mindmanager,https://prf.hn/click/camref:1011lwmyx,Visit Mindmanager,
974,external,Digital Ocean,http://digitalocean.pxf.io/postin,Visit Digital Ocean,
980,external,Bioworld,https://prf.hn/click/camref:1011lwmyf,Visit Bioworld,
987,external,Engelmann,https://prf.hn/click/camref:1101lwjVH,Visit Engelmann,
1004,external,Bhuman AI,https://app.bhuman.ai/?ref=nmfimzm,Visit Bhuman AI,
1005,external,Copysmith,https://app.copysmith.ai/signup/#a_aid=smpost-in,Visit Copysmith,
1010,external,0&amp,0 software (Copy),https://prf.hn/click/camref:1100lwk3c,Visit 0&0 software
1018,external,Octaneai,https://octaneai.grsm.io/amyrezwpuycr,Visit Octane ai,
1029,external,Tapfiliate,https://tapfiliate.com/?ref=nzflmzc,Visit tapfiliate,
1039,external,Loomly,https://get.loomly.com/4fyzpz15zfrz,Visit Loomly,
1057,external,Live Agent,https://www.liveagent.com/#a_aid=645a662887da8,Visit Liveagent,
1071,external,Sudowrite,https://www.sudowrite.com/?via=postin,Visit Sudowrite,
1074,external,Socialboost,https://get.socialboost.co/d91jtfbocryj,Visit Socialboost,
1085,external,Shortly AI,https://www.shortlyai.com/?fp_ref=postin,Visit ShortlyAI,
1086,external,Missinglettr,https://partner.missinglettr.com/68erboiept7i,Visit Missinglettr,
1093,external,Bertha,https://bertha.ai/?ref=13214,Visit Bertha,
1098,external,Switchboard,https://www.switchboard.ai/?via=postin,Visit Switchboard,
1108,external,Moosend,https://trymoo.moosend.com/l7gpr8fypr10,Visit Moosend,
1129,external,Aomei,https://prf.hn/click/camref:1101lwjVD,Visit Aomei,
1146,external,Minea,https://app.minea.com/find-winning-product?ref=776wu,Visit Minea,
1156,external,Pictory ai,https://pictory.ai?ref=stephane42,Visit Pictory ai,
1164,external,Demio,https://demio.com/?fp_ref=zbj9y,Visit demio,
1173,external,Crowdfire,https://refer.crowdfireapp.com/h6i21pr4lpp9,Visit Crowdfire,
1180,external,Lalal ai,https://www.lalal.ai/?fp_ref=w9bi0,Visit lalal ai,
1187,external,Pagecloud,https://cloudl.ink/c6mm18t6e0aj,Visit Pagecloud,
1194,external,Hypefury,https://hypefury.com/?via=postin,Visit Hypefury,
1202,external,Recruitee,https://ats.recruitee.com/30hksla882tr,Visit Recruitee,
1209,external,NoCRM io,https://nocrm.io/?fpr=stephane11,Visit Nocrm io,
1225,external,vwo,https://affiliates.vwo.com/fs0qci40gbnl,Visit Vwo,
1232,external,Mailgun,https://get.sinchemail.com/r4uxo0xktax3,Visit Mailgun,
1242,external,Beefree,https://partners.beefree.io/postin,Visit Beefree,
1250,external,Smartsuite,https://partners.smartsuite.com/3skc8vr0c9v0,Visit Smartsuite,
1258,external,Waalaxy,https://www.waalaxy.com/?o=rqevyniffaiz,Visit Waalaxy,
1265,external,Vistaspeech,https://payments.pabbly.com/api/affurl/xZ2Y4hGiOcgGR4aRo/VMWMK22OIgi5B95p?target=HO5HII2v49Rs8GRo,Visit Vistaspeech,
1273,external,Zeniq,http://safir.com/ref/nrppp7yaet,Visit Zeniq,
1277,external,Avinoc,http://safir.com/ref/nrppp7yaet,Visit Avinoc,
1282,external,Tupan,http://safir.com/ref/nrppp7yaet,Visit Tupan,
1291,external,Getresponse,https://www.getresponse.com?a=wM9fYCmjnr,Visit Getresponse,
1297,external,AR Expert,https://prf.hn/click/camref:1011lwmyg,Visit AR Expert,
1305,external,Easeus,https://prf.hn/click/camref:1100lwk3b,Visit Easeus,
1322,external,Parallels,https://prf.hn/click/camref:1100lwk2X,Visit Parallels,
1327,external,Atlas.it,https://prf.hn/click/camref:1011lwmyd,Visit Atlas.it,
1332,external,Endnote,https://prf.hn/click/camref:1100lwk2Y,Visit Endnote,
1338,external,Surfer,https://surferseo.com/?fpr=2w59l,Visit Surfer,
1343,external,F-secure,https://prf.hn/click/camref:1011lwmys,Visit F-secure,
1349,external,Passware,https://prf.hn/click/camref:1011lwmyF,Visit Passware,
1355,external,Shorby,https://shorby.grsm.io/stephanemaurel9291,Visit Shorby,
1361,external,BuzzSumo,https://buzzsumo.grsm.io/6in9f1uwvnh3,Visit BuzzSumo,
1367,external,PixelMe,https://ps.pixelme.me/4kdldf9rprgm,Visit PixelMe,
1372,external,Winzip,https://prf.hn/click/camref:1011lwmyy,Visit Winzip,
1378,external,SocialBee,https://get.socialbee.io/3pnhqr6hc91e,Visit SocialBee,
1386,external,Deepbrain,https://www.deepbrain.io/aistudios?via=postin,Visit Deepbrain,
1391,external,Make,https://www.make.com/en/register?pc=postin,Visit Make,
1397,external,Breezy,https://breezyhr.grsm.io/xqi2twjzdg0y,Visit Breezy,
1403,external,Storychief,https://storychief.grsm.io/y038kpte7jaa,Visit Storychief,
1410,external,Scalenut,https://scalenut.com/?fpr=postin,Visit Scalenut,
1483,external,Unboundcontent,http://app.unboundcontent.ai/?via=d0ee00,Visit Unboundcontent AI,
1526,external,Process Street,https://get.process.st/wd1ozsln4fft,Visit Process Street,
1539,external,Buzzguru,https://get.buzzguru.com/6vstojmtnui8,Visit BuzzGuru,
1541,external,Textline,https://get.textline.com/pntqgny4fv6j,Visit Textline,
1545,external,Nicejob,https://nicejob.grsm.io/aeld7zazqhkp,Visit Nicejob,
1549,external,Apollo.io,https://apollo.grsm.io/h6oplgge4mbb,Visit Apollo,
1551,external,Buddypunch,https://try.buddypunch.com/swmimtcfmom7,Visit Buddypunch,
1553,external,SurveySparrow,https://join.surveysparrow.com/fug1rgi0xcus,Visit Surveysparrow,
1555,external,Trainual,https://start.trainual.com/4mi0hh2z4tds,Visit Trainual,
1557,external,Touchbistro,https://touchbistro.grsm.io/3kdpu7vd2fis,Visit Touchbistro,
1560,external,CreditrepairCloud,https://get.creditrepaircloud.com/xk5pdhawl4xy,Visit CreditrepairCloud,
1562,external,Vivahr,https://vivahr.grsm.io/0qzpv2udhaif,Visit Vivahr,
270473,external,Bioworld,https://prf.hn/click/camref:1011lwmyf,Visit Bioworld,
270639,external,Adzooma,https://adzooma.grsm.io/llp7r1zpb1eb,Visit Adzooma,
270684,external,Salesflare,https://salesflare.grsm.io/mht12n2lkaje,Visit Salesflare,
270691,external,Spocket,https://spocket.grsm.io/imsqy6gtvorv,Visit Spocket,
270699,external,Packhelp,https://get.packhelp.com/qu54djjm9oo4,Visit Packhelp,
270701,external,Livestorm,https://get.livestorm.co/6hx58tr89etc,Visit Livestorm,
270706,external,Bar codes talk,https://barcodestalk.grsm.io/qee4h7yyh7q9,Visit Bar Codes Talk,
270708,external,Inflow Inventory,https://partnerstack.inflowinventory.com/345801uanayt,Visit Inflow Inventory,
270714,external,Powr,https://partnerstack.powr.io/mo1m0nkyigih,Visit Powr,
270717,external,Hashing24,https://hashing24.com/?rid=53616c7465645f5fbeab8db9a9e6aa9d2ab12304e3370ded,Visit Hashing24,
270720,external,Time Doctor,https://try.timedoctor.com/ais217oy2v12,Visit Time Doctor,
270722,external,Monday.com,https://nocrm.io/?fpr=stephane11,Visit Monday.com,
270727,external,Smtp2go,https://get.smtp2go.com/5v8ynz83xwr8,Visit Smtp2go,
270735,external,Creately,https://get.crtref.com/kdty2hg90k7y,Visit Creately,
270742,external,Melio,https://affiliates.meliopayments.com/0ialy32p44gw,Visit Melio,
270785,external,Passpack,https://try.passpack.com/o8bl8ni0w2i5,Visit Passpack,
270794,external,Dealfront,https://leadfeeder.grsm.io/htd1m2u5movj,Visit Dealfront,
270811,external,Brand24,https://try.brand24.com/lsygf3vhwjgv,Visit Brand 24,
270845,external,DUX-SOUP,https://www.dux-soup.com/linkedin-automation?fpr=gxb7b,Visit Dux-SOUP,
270849,external,SYSTEME.IO,https://systeme.io/?sa=sa0086877006beeb7001906755cb4d9c1d99d7ff36,Visit Systeme.io,
270854,external,AUDYO AI,https://www.audyo.ai/login?inviteCode=qEAasxEKubMxaZrC,Visit AUDYO AI,
270856,external,COPY AI,https://www.copy.ai/?via=postin,Visit Copy.ai,
270867,external,MagicForm,https://www.magicform.ai/?via=postin,Visit MagicForm,
270881,external,Crankwheel,https://try.crankwheel.com/i9peojw2tlml,Visit Crankwheel,
270884,external,Auvik,https://try.auvik.com/5xldb3qugqyh,Visit Auvik,
270886,external,Shortstack,https://try.shortstack.com/ppuure8qs6yo,Visit Shortstack,
270924,external,Tresorit,https://partnerstack.tresorit.com/iyfpdn1wypjs,Visit Tresorit,
270928,external,Later,https://try.later.com/cnwgf9vj44k2,Visit Later,
270931,external,Incfile,https://incfile.grsm.io/7ahr17sz2952,Visit Incfile,
270934,external,Restream,https://try.restream.io/uh3sd4kjjkjn,Visit Restream,
270936,external,Learnworlds,https://get.learnworlds.com/bamzbiq0sb3x,Visit Learnworlds,
270939,external,Castanet,https://castanet.grsm.io/0e671fo9fibt,Visit Castanet,
270941,external,connectbooks,https://get.connectbooks.com/uej9ghusv80d,Visit Connectbooks,
270943,external,Hippovideo,https://hippovideo.grsm.io/3xf5kn7y0bnj,Visit Hippovideo,
270946,external,Whatconverts,https://partners.whatconverts.com/keo2cu11hlqm,Visit Whatconverts,
270956,external,Outgrow,https://share.outgrow.biz/7oh0nlxs9at5,Visit Outgrow,
270964,external,subbly.co,https://join.subbly.co/386st6refuj0,Visit Subbly.co,
270973,external,Promo.com,https://try.promo.com/3vmyli9djdul,Visit Promo.com,
270980,external,Keap,https://get.keap.com/qgi8dvlyg6mv,Visit Keap,
270989,external,Cloudtask,https://cloudtask.grsm.io/hq463av57vv4,Visit Cloudtask,
270996,external,Interact,https://get.tryinteract.com/v2tdvzkaof61,Visit Interact,
271005,external,Simple Texting,https://simpletexting.stptnr.net/vefszugz66s8,Visit Simpletexting,
271012,external,Hive,https://get.hive.com/s514mniocv7y,Visit Hive,
271018,external,Phonesites,https://a.phonesites.com/8uohlhuzbcxi,Visit Phonesites,
271025,external,SellersFI,https://try.zoominfo.com/6n43178n2fy3,Visit Zoominfo,
271038,external,Fairing,https://fairing.grsm.io/vg9z7pam0uw8,Visit Fairing,
271045,external,Haiku,https://get.haikuinc.io/qyzhhvp1err9,Visit hAIKU,
271052,external,Bezinga Pro,https://benzinga.grsm.io/tbh5ir6odoer,Visit Bezinga Pro,
271060,external,Cognism,https://cognism.grsm.io/y7fkfjq4kwnj,Visit Cognism,
271067,external,Napoleoncat,https://napoleoncat.grsm.io/xpfplroardho,Visit Napoleon cat,
271073,external,Todoist,https://get.todoist.io/mzder4fxknzz,Visit todoist,
271085,external,Close,https://refer.close.com/p6tbs29ffec5,VisitClose,
